District,Constituency,Constituency Category,Candidate,Gender,Candidate Category,Age,Party,Votes,Position,Winner,Winning Party,Lost By Votes,Lost By (percentage)
BELGAUM ,Nippani,GEN,KAKASO PANDURANG PATIL,M,GEN,57,INC,63198,2,JOLLE SHASHIKALA ANNASAHEB,BJP,18662,22.80
BELGAUM ,Chikkodi-Sadalga,GEN,KAVATAGIMATH MAHANTESH MALLIKARJUN,M,,,BJP,62816,2,GANESH PRAKASH HUKKERI,INC,31820,33.62
BELGAUM ,Athani,GEN,MAHESH IRANAGOUDA KUMATHALLI,M,GEN,51,INC,50528,2,LAXMAN SANGAPPA SAVADI,BJP,23771,31.99
BELGAUM ,Kagwad,GEN,SHRIMANT BALASAHEB PATIL,M,GEN,57,JD(S),38897,2,BHARAMGOUD ALAGOUD KAGE,BJP,2887,6.91
BELGAUM ,Kudachi,SC,GHATAGE SHAMA BHIMA,M,SC,50,INC,24823,2,P.RAJEEV,BSRCP,46234,65.07
BELGAUM ,Raybag,SC,PRADEEP RAMU MALAGI,M,SC,43,IND,36706,2,AIHOLE DURYODHAN MAHALINGAPPA,BJP,829,2.21
BELGAUM ,Hukkeri,GEN,RAVI BASAVARAJ KARALE,M,GEN,47,INC,24484,2,UMESH VISHWANATH KATTI,BJP,57326,70.07
BELGAUM ,Arabhavi,GEN,UTAGI RAMAPPA KAREPPA,M,GEN,39,INC,24062,2,BALACHANDRA LAXMANRAO JARKIHOLI,BJP,75221,75.76
BELGAUM ,Gokak,GEN,ASHOK NINGAYYASWAMI PUJARI,M,GEN,55,JD(S),51170,2,JARKIHOLI RAMESH LAXMANRAO,INC,28005,35.37
BELGAUM ,Yemkanmardi,ST,ASTAGI MARUTI MALLAPPA,M,ST,34,BJP,46376,2,SATISH LAXMANARAO JARAKIHOLI,INC,24350,34.43
BELGAUM ,Belgaum Uttar,GEN,RENU SUHAS KILLEKAR,F,GEN,35,IND,26915,2,FAIROZ NURUDDIN SAITH,INC,18210,40.35
BELGAUM ,Belgaum Dakshin,GEN,ABHAY PATIL,M,GEN,43,BJP,48116,2,SAMBHAJI LAKSHMAN PATIL,IND,6310,11.59
BELGAUM ,Belgaum Rural,GEN,KINEKAR MANOHAR KALLAPPA,M,GEN,58,IND,36987,2,SANJAY B PATIL,BJP,1335,3.48
BELGAUM ,Khanapur,GEN,RAFIQUE KHATALSAB KHANAPURI,M,GEN,50,INC,20903,2,ARVIND CHANDRAKANT PATIL,IND,16152,43.59
BELGAUM ,Kittur,GEN,SURESH SHIVARUDRAPPA MARIHAL,M,GEN,52,BJP,35634,2,INAMADAR  DANAPPAGOUDA BASANAGOUDA,INC,18290,33.92
BELGAUM ,Bailhongal,GEN,JAGADISH C. METGUD,M,GEN,53,BJP,37088,2,DR|| VISHWANATH IRANAGOUDA PATIL,KJP,3621,8.89
BELGAUM ,Saundatti yellamma,GEN,RAVINDRA BHUPALAPPA YALIGAR,M,GEN,48,INC,30392,2,ANAND ALIAS VISHWANATH CHANDRASHEKHAR MAMANI,BJP,16042,34.55
BELGAUM ,Ramdurg,GEN,YADAWAD SHIVALINGAPPA MAHADEVAPPA ,M,GEN,60,BJP,37326,2,ASHOK MAHADEVAPPA PATTAN,INC,4984,11.78
BAGALKOT ,Mudhol,SC,TIMMAPUR.RAMAPPA. BALAPPA.,M,SC,50,INC,59549,2,GOVIND.M.KARJOL,BJP,5178,8.00
BAGALKOT ,Terdal,GEN,SIDDU SAVADI,M,GEN,54,BJP,67590,2,UMASHREE,INC,2599,3.70
BAGALKOT ,Jamkhandi,GEN,JAGADISH GUDAGUNTI,M,GEN,58,IND,27993,2,SIDDU B. NYAMAGOUDA,INC,21152,43.04
BAGALKOT ,Bilgi,GEN,MURAGESH. RUDRAPPA. NIRANI,M,GEN,47,BJP,55417,2,J . T. PATIL,INC,11238,16.86
BAGALKOT ,Badami,GEN,MAHANTESH GURUPADAPPA MAMADAPUR,M,GEN,46,JD(S),42333,2,CHIMMANAKATTI BALAPPA BHIMAPPA,INC,15113,26.31
BAGALKOT ,Bagalkot,GEN,CHARANTIMATH VEERANNA CHANDRASHEKHARAYYA,M,GEN,54,BJP,65316,2,METI HULLAPPA YAMANAPPA,INC,2900,4.25
BAGALKOT ,Hungund,GEN,DODDANAGOUDA G PATIL,M,GEN,56,BJP,56923,2,KASHAPPANAVAR VIJAYANAND SHIVASHANKRAPPA,INC,15797,21.72
BIJAPUR ,Muddebihal,GEN,VIMALABAI JAGADEVRAO DESHMUKH,F,GEN,64,KJP,22545,2,APPAJI URF CHANNABASAVARAJ SHANKARAO NADAGOUD,INC,12202,35.12
BIJAPUR ,Devar Hippargi,GEN,SOMANAGOUDA. B. PATIL (SASANUR),M,GEN,48,BJP,28135,2,AMINAPPAGOUDA SANGANAGOUDA PATIL,INC,8096,22.35
BIJAPUR ,Basavana Bagevadi,GEN,BELLUBBI SANGAPPA KALLAPPA,M,GEN,59,BJP,36653,2,SHIVANAND S PATIL,INC,19676,34.93
BIJAPUR ,Babaleshwar,GEN,PATIL  VIJUGOUDA,M,GEN,50,JD(S),57706,2,M.B.PATIL,INC,4355,7.02
BIJAPUR ,Bijapur City,GEN,BASANAGOUDA R PATIL (YATNAL),M,GEN,50,JD(S),39235,2,MAKBUL S BAGAWAN,INC,9380,19.29
BIJAPUR ,Nagthan,SC,DEVANAND PHULSING CHAVAN,M,SC,43,JD(S),44903,2,RAJU ALAGUR,INC,667,1.46
BIJAPUR ,Indi,GEN,RAVIKANT SHANKREPPA PATIL,M,GEN,56,KJP,25260,2,YASHAVANTARAYAGOUDA VITTALAGOUDA PATIL,INC,33302,56.87
BIJAPUR ,Sindgi,GEN,MANAGULI MALLAPPA CHANNAVEERAPPA,M,GEN,77,JD(S),37082,2,BHUSANUR RAMESH BALAPPA,BJP,752,1.99
GULBARGA,Afzalpur,GEN,M.Y.PATIL,M,GEN,72,KJP,32855,2,MALIKAYYA VENKAYYA GUTTEDAR,INC,5238,13.75
GULBARGA,Jevargi,GEN,DODDAPPA GOUDA S. PATIL NARIBOLA,M,GEN,41,BJP,30338,2,AJAY DHARAM SINGH,INC,36700,54.75
YADGIR,Shorapur,ST,NARASIMHANAYAK (RAJUGOUDA),M,ST,35,JD(S),60958,2,RAJA VENKATAPPA NAYAK,INC,4075,6.27
YADGIR,Shahapur,GEN,SHARANABASAPPAGOUDA DARSHANPUR,M,GEN,53,INC,49128,2,GURU PATIL SHIRAVAL,KJP,5796,10.55
YADGIR,Yadgir,GEN,VEER BASWANT REDDY,M,GEN,61,KJP,31330,2,DR. MAALAKAREDDY,INC,9104,22.52
YADGIR,Gurmitkal,GEN,NAGANA GOUDA KANDAKURA,M,GEN,67,JD(S),34401,2,BABURAO CHINCHANASOOR,INC,1650,4.58
GULBARGA,Chittapur,SC,VALMIKI NAIK,M,SC,65,BJP,38188,2,PRIYANK M. KHARGE,INC,31191,44.96
GULBARGA,Sedam,GEN,RAJKUMAR PATIL,M,GEN,38,BJP,41651,2,DR SHARANPRAKASH PATIL,INC,11895,22.21
GULBARGA,Chincholi,SC,SUNIL VALLYAPUR,M,SC,47,KJP,32539,2,DR UMESH G JADAV,INC,26060,44.47
GULBARGA,Gulbarga Rural,SC,REVUNAYAK BELAMGI,M,SC,72,BJP,32866,2,G.RAMKRISHNA,INC,7209,17.99
GULBARGA,Gulbarga Dakshin,GEN,SHASHIL.G.NAMOSHI,M,GEN,57,JD(S),26880,2,DATTATRAYA C. PATIL REVOOR (APPU GOUDA),BJP,9970,27.06
GULBARGA,Gulbarga Uttar,GEN,NASIR HUSSAIN USTAD,M,GEN,36,KJP,30377,2,QAMAR UL ISLAM,INC,20121,39.85
GULBARGA,Aland,GEN,GUTTEDAR SUBHASH RUKMAYYA,M,GEN,61,JD(S),49971,2,B.R. PATIL,KJP,17114,25.51
BIDAR ,Basavakalyan,GEN,B. NARAYANRAO,M,GEN,58,INC,21601,2,MALLIKARJUN SIDRAMAPPA KHUBA,JD(S),15893,42.39
BIDAR ,Homnabad,GEN,M. NASEENODDIN PATEL,M,GEN,51,JD(S),40194,2,RAJASHEKHAR BASAVARAJ PATIL,INC,24500,37.87
BIDAR ,Bidar South,GEN,BANDEPPA KHASHEMPUR,M,GEN,49,JD(S),31975,2,ASHOK KHENY,KMP,15788,33.05
BIDAR ,Bidar,GEN,PRAKASH KANDRE,M,,,BJP,47417,2,RAHIM KHAN,INC,22721,32.39
BIDAR ,Bhalki,GEN,SIDRAM D.K.,M,GEN,44,KJP,48343,2,ESHWARA KHANDRE,INC,9669,16.67
BIDAR ,Aurad,SC,DHANAJI BHEEMA JADHAV,M,SC,38,KJP,38635,2,PRABHU B. CHAVAN,BJP,23191,37.51
RAICHUR ,Raichur Rural,ST,RAJA RAYAPPA NAIK,M,ST,58,INC,47227,2,THIPPARAJU,BJP,3270,6.48
RAICHUR ,Raichur,GEN,SYED YASIN,M,GEN,63,INC,37392,2,DR. SHIVARAJ PATIL S.,JD(S),7871,17.39
RAICHUR ,Manvi,ST,RAJA VENKATAPPA NAYAK RAJA AMBANNA NAYAK,M,ST,42,JD(S),43632,2,G.HAMPAYYA SAHUKAR BALLATAGI,INC,6987,13.80
RAICHUR ,Devadurga,ST,A RAJASHEKAR NAYAK,,,,INC,55776,2,K SHIVANNA GOUDA NAYAKA,BJP,16871,23.22
RAICHUR ,Lingsugur,SC,D.S.HOOLAGERI,M,SC,47,INC,30451,2,MANAPPA D.VAJJAL,JD(S),1286,4.05
RAICHUR ,Sindhanur,GEN,K.KARIYAPPA,M,GEN,47,BSRCP,36197,2,BADARLI HAMPANAGOUDA,INC,13016,26.45
RAICHUR ,Maski,ST,MAHADEVAPPA GOWDA,M,ST,67,KJP,26405,2,PRATAPGOWDA PATIL,INC,19147,42.03
KOPPAL ,Kushtagi,GEN,AMAREGOUDA LINGANAGOUDA PATIL BAYYAPUR,M,GEN,58,INC,40970,2,DODDANAGOUDA HANAMAGOUDA PATIL,BJP,3037,6.90
KOPPAL ,Kanakagiri,SC,BASAVARAJ DADHESUGURU,M,SC,33,KJP,44399,2,SHIVARAJ SANGAPPA TANGADAGI,INC,5052,10.22
KOPPAL ,Gangawati,GEN,PARANNA ESHWARAPPA MUNAVALLI,M,GEN,58,BJP,30514,2,IQBAL ANSARI,JD(S),29789,49.40
KOPPAL ,Yelburga,GEN,ACHAR HALAPPA BASAPPA,M,GEN,60,BJP,35488,2,BASAVARAJ RAYARADDY,INC,16900,32.26
KOPPAL ,Koppal,GEN,KARADI SANGANNA AMARAPPA,M,GEN,59,BJP,54274,2,K.RAGHAVENDRA BASAVARAJ HITNAL,INC,26788,33.05
GADAG,Shirahatti,SC,RAMAPPA SOBEPPA LAMANI,M,SC,60,BJP,44423,2,DODDAMANI RAMAKRISHNA SHIDDLINGAPPA,INC,315,0.70
GADAG,Gadag,GEN,ANIL PRAKASHBABU MENSINKAI,M,GEN,39,BSRCP,36748,2,H K PATIL,INC,33727,47.86
GADAG,Ron,GEN,KALAKAPPA GURUSHANTHAPPA BANDI,M,GEN,44,BJP,56366,2,GURUPADAGOUDA  SANGANAGOUDA  PATIL,INC,18227,24.44
GADAG,Nargund,GEN,C C PATIL,M,GEN,54,BJP,51035,2,B R YAVAGAL,INC,8585,14.40
DHARWAD ,Navalgund,GEN,PATIL  MUNENAKOPPA SHANKAR,M,GEN,45,BJP,41779,2,N.H.KONARADDI,JD(S),2669,6.00
DHARWAD ,Kundgol,GEN,CHIKKANGOUDRA SIDDANGOUDA ISHWARGOUD,M,GEN,61,KJP,31618,2,CHANNABASAPPA SATYAPPA SHIVALLI,INC,21072,39.99
DHARWAD ,Dharwad,GEN,AMRUT AYYAPPA DESAI,M,GEN,36,JD(S),35133,2,VINAY KULKARNI,INC,18320,34.27
DHARWAD ,Hubli-dharwad-East,SC,VEERABHADRAPPA HALAHARAVI,M,SC,49,BJP,28831,2,ABBAYYA PRASAD,INC,13522,31.93
DHARWAD ,Hubli-dharwad-Central,GEN,DR. MAHESH NALWAD,M,GEN,49,INC,40447,2,JAGADISH SHETTAR,BJP,17754,30.50
DHARWAD ,Hubli-dharwad- West,GEN,S. R. MOREY,M,GEN,72,INC,30821,2,ARAVIND CHANDRAKANT BELLAD,BJP,11182,26.62
DHARWAD ,Kalghatgi,GEN,NIMBANNAVAR CHANNAPPA MALLAPPA,M,GEN,65,KJP,31141,2,SANTHOSH S LAD,INC,45661,59.45
UTTARA KANNADA ,Haliyal,GEN,SUNIL  HEGADE,M,GEN,47,JD(S),49066,2,DESHPANDE. R. V.,INC,5939,10.80
UTTARA KANNADA ,Karwar,GEN,ASNOTIKAR ANAND VASANT,M,GEN,33,BJP,44847,2,SANTEESH SAIL KRISHNA,IND,35880,44.45
UTTARA KANNADA ,Kumta,GEN,DINAKAR KESHAV SHETTY,M,GEN,56,JD(S),36336,2,SHARDA MOHAN SHETTY,INC,420,1.14
UTTARA KANNADA ,Bhatkal,GEN,ENAYATHULLAH SHABANDRI,M,GEN,50,JD(S),27435,2,MANKALA SUBBA VAIDYA,IND,9884,26.49
UTTARA KANNADA ,Sirsi,GEN,AYYAPPANAGAR DEEPAK HONNAVAR,M,GEN,52,INC,39795,2,ANANT KAGERI VISHWESHWAR HEGDE,BJP,3059,7.14
UTTARA KANNADA ,Yellapur,GEN,PATIL VEERABHADRAGOUDA SHIVANAGOUDA,M,GEN,54,BJP,33533,2,ARBAIL SHIVARAM HEBBAR,INC,24492,42.21
HAVERI ,Hangal,GEN,UDASI C.M,M,GEN,77,KJP,60638,2,MANOHAR H. TAHASHILDAR,INC,5686,8.57
HAVERI ,Shiggaon,GEN,KHADRI SAYED AZIMPEER SAYED KADERBASHA,M,GEN,49,INC,63504,2,BASAVARAJ BOMMAI,BJP,9503,13.02
HAVERI ,Haveri,SC,NEHARU OLEKARA,M,SC,56,KJP,52911,2,RUDRAPPA MANAPPA LAMANI,INC,30208,36.34
HAVERI ,Byadgi,GEN,SHIVARAJ SAJJANAR,M,GEN,54,KJP,44348,2,BASAVARAJ NEELAPPA SHIVANNANAVAR,INC,13359,23.15
HAVERI ,Hirekerur,GEN,B.C.PATIL,M,GEN,57,INC,50017,2,U. B. BANAKAR,KJP,2606,4.95
HAVERI ,Ranibennur,GEN,R.SHANKAR,M,GEN,48,IND,46992,2,KOLIWAD K.B,INC,6788,12.62
BELLARY ,Hadagalli,SC,B.CHANDRANAIK,M,SC,51,BJP,18526,2,P.T.PARAMESHWARANAIK,INC,40810,68.78
BELLARY ,Hagaribommanahalli,SC,K NEMARAJA NAIK,M,SC,43,BJP,51847,2,BHEEMANAIK LBP,JD(S),125,0.24
BELLARY ,Vijayanagara,GEN,H.ABDUL WAHAB,M,GEN,70,INC,39358,2,ANAND SINGH,BJP,30637,43.77
BELLARY ,Kampli,ST,J.N. GANESH,M,ST,34,IND,36462,2,T.H. SURESH BABU,BSRCP,34396,48.54
BELLARY ,Siruguppa,ST,M.S. SOMALINGAPPA,M,ST,53,BJP,43676,2,B.M. NAGARAJA,INC,21814,33.31
BELLARY ,Bellary,ST,OBALESH,M,,,BJP,50802,2,NY GOPALAKRISHNA,INC,33104,39.45
BELLARY ,Bellary City,GEN,S. MURALI KRISHNA,M,GEN,44,BSRCP,33898,2,ANIL LAD,INC,18200,34.93
BELLARY ,Sandur,ST,DHANANJAYA.R,M,ST,43,JD(S),27615,2,E.TUKARAM,INC,34631,55.64
BELLARY ,Kudligi,ST,S. VENKATESHA,M,ST,50,INC,46674,2,B. NAGENDRA,IND,24803,34.70
CHITRADURGA ,Molakalmuru,ST,N. Y. GOPALAKRISHNA,M,ST,60,INC,69658,2,S. THIPPESWAMY,BSRCP,7169,9.33
CHITRADURGA ,Challakere,ST,K T KUMARASWAMY,M,ST,29,KJP,37074,2,T RAGHUMURTHY,INC,23123,38.41
CHITRADURGA ,Chitradurga,GEN,BASAVARAJAN (BASANNA),M,GEN,50,JD(S),35510,2,G.H.THIPPAREDDY,BJP,26718,42.94
CHITRADURGA ,Hiriyur,GEN,A.KRISHNAPPA,M,GEN,68,JD(S),70456,2,D.SUDHAKAR,INC,1205,1.68
CHITRADURGA ,Hosadurga,GEN,GULIHATTI D. SHEKAR,M,SC,44,IND,37993,2,B.G. GOVINDAPPA,INC,20017,34.51
CHITRADURGA ,Holalkere,SC,M. CHANDRAPPA,M,SC,58,KJP,63992,2,H. ANJANEYA,INC,12864,16.74
DAVANGERE ,Jagalur,ST,S.V.RAMACHANDRA,M,ST,54,KJP,40915,2,H.P.RAJESH,INC,36890,47.41
DAVANGERE ,Harapanahalli,GEN,G KARUNAKARAREDDY,M,GEN,51,BJP,48548,2,M P RAVINDRA,INC,8406,14.76
DAVANGERE ,Harihar,GEN,S.RAMAPPA,M,GEN,54,INC,40613,2,H.S. SHIVASHANKAR,JD(S),19053,31.93
DAVANGERE ,Davanagere North,GEN,S A RAVINDRANATH,M,GEN,67,BJP,30821,2,S S MALLIKARJUNA,INC,57280,65.02
DAVANGERE ,Davanagere South,GEN,KAREKATTE SYED SAIFULLA,M,GEN,65,JD(S),26162,2,SHAMANUR SHIVASHANKARAPPA,INC,40158,60.55
DAVANGERE ,Mayakonda,SC,N.LINGANNA,M,SC,60,KJP,31741,2,K.SHIVAMURTHY,INC,694,2.14
DAVANGERE ,Channagiri,GEN,K.MADAL VIRUPAKSHAPPA,M,GEN,65,KJP,51582,2,VADNAL RAJANNA,INC,1773,3.32
DAVANGERE ,Honnali,GEN,M. P. RENUKACHARYA,M,GEN,52,KJP,60051,2,D. G SHANTANA GOWDA,INC,18738,23.78
SHIMOGA ,Shimoga Rural,SC,G.BASAVANNAPPA,M,SC,80,KJP,38530,2,SHARADA POORYANAIK,JD(S),10109,20.78
SHIMOGA ,Bhadravati,GEN,B.K.SANGAMESHWARA,M,GEN,50,IND,34271,2,APPAJI. M.J,JD(S),44099,56.27
SHIMOGA ,Shimoga,GEN,S. RUDREGOWDA,M,GEN,63,KJP,39077,2,K.B. PRASANNAKUMAR,INC,278,0.71
SHIMOGA ,Tirthahalli,GEN,R. M. MANJUNATHA GOWDA,M,GEN,55,KJP,35817,2,KIMMANE RATNAKAR,INC,1343,3.61
SHIMOGA ,Shikaripura,GEN,HS SHANTHAVIRAPPA GOWDA,M,,,INC,65117,2,B.Y.RAGHAVENDRA,BJP,6430,8.99
SHIMOGA ,Sorab,GEN,H.HALAPPA,M,GEN,52,KJP,37316,2,S.MADHU BANGARAPPA,JD(S),21225,36.26
SHIMOGA ,Sagar,GEN,B.R. JAYANTH,M,GEN,63,KJP,30712,2,KAGODU THIMMAPPA,INC,41248,57.32
UDUPI,Byndoor,GEN,B.M. SUKUMAR SHETTY,M,GEN,61,BJP,51128,2,K.GOPALA POOJARY,INC,31149,37.86
UDUPI,Kundapura,GEN,MALLYADI SHIVARAMA SHETTY,M,GEN,58,INC,39952,2,HALADY SRINIVASA SHETTY,IND,40611,50.41
UDUPI,Udupi,GEN,B. SUDHAKAR SHETTY,M,GEN,62,BJP,47344,2,PRAMOD MADHWARAJ,INC,39524,45.50
UDUPI,Kapu,GEN,LALAJI R.MENDON,M,GEN,53,BJP,50927,2,VINAY KUMAR SORAKE,INC,1855,3.51
UDUPI,Karkal,GEN,H.GOPAL BHANDARY,M,GEN,62,INC,60785,2,V.SUNILL KUMAR,BJP,4254,6.54
CHIKMAGALUR ,Sringeri,GEN,T.D. RAJE GOWDA,M,GEN,54,INC,54950,2,D.N. JEEVARAJ,BJP,3452,5.91
CHIKMAGALUR ,Mudigere,SC,B.N. CHANDRAPPA,M,SC,51,INC,31782,2,B.B. NINGAIAH,JD(S),635,1.96
CHIKMAGALUR ,Chikmagalur,GEN,K S SHANTHE GOWDA,M,GEN,57,INC,47695,2,C T RAVI,BJP,10988,18.72
CHIKMAGALUR ,Tarikere,GEN,D.S SURESH,M,GEN,45,KJP,34918,2,G.H SRINIVASA,INC,899,2.51
CHIKMAGALUR ,Kadur,GEN,BELLI  PRAKASH,M,GEN,48,KJP,26300,2,Y.S.V.DATTA,JD(S),42433,61.74
TUMKUR ,Chiknayakanhalli,GEN,J.C.MADHUSWAMY,M,GEN,60,KJP,49620,2,C.B.SURESHBABU,JD(S),11139,18.33
TUMKUR ,Tiptur,GEN,B.C.NAGESH,M,GEN,53,BJP,45215,2,K.SHADAKSHARI,INC,11602,20.42
TUMKUR ,Turuvekere,GEN,MASALA JAYARAM,M,GEN,45,KJP,57164,2,M.T.KRISHNAPPA,JD(S),8925,13.50
TUMKUR ,Kunigal,GEN,D.KRISHNAKUMAR,M,GEN,56,BJP,34943,2,D. NAGARAJAIAH,JD(S),9632,21.61
TUMKUR ,Tumkur City,GEN,G.B. JYOTHI GANESH,M,GEN,38,KJP,40073,2,DR. RAFEEQ AHMED S.,INC,3608,8.26
TUMKUR ,Tumkur Rural,GEN,GOWRISHANKAR.D.C.,M,GEN,36,JD(S),53457,2,B.SURESH GOWDA,BJP,1572,2.86
TUMKUR ,Koratagere,SC,DR. G.PARAMESHWARA,M,SC,62,INC,54074,2,SUDHAKARA LAL .P.R,JD(S),18155,25.14
TUMKUR ,Gubbi,GEN,G.N. BETTASWAMY,M,GEN,54,KJP,51539,2,S R SHRINIVAS (VASU),JD(S),7244,12.32
TUMKUR ,Sira,GEN,B.SATHYANARAYANA,M,GEN,60,JD(S),59408,2,T B JAYACHANDRA,INC,14681,19.82
TUMKUR ,Pavagada,SC,H.V.VENKATESH,M,SC,35,INC,63823,2,K.M.THIMMARAYAPPA,JD(S),4863,7.08
TUMKUR ,Madhugiri,GEN,M.V.VEERABHADRAIAH,M,GEN,58,JD(S),60659,2,KYATASANDRA N.RAJANNA,INC,14427,19.21
CHIKKABALLAPUR ,Gauribidanur,GEN,K JAIPALA REDDY,M,GEN,35,IND,44056,2,N H SHIVASHANKARA REDDY,INC,6075,12.12
CHIKKABALLAPUR ,Bagepalli,GEN,SRIRAMAREDDY G.V,M,GEN,61,CPM,35472,2,S.N SUBBAREDDY(CHINNAKAYALAPALLI),IND,30755,46.44
CHIKKABALLAPUR ,Chikkaballapur,GEN,K P BACHEGOWDA,M,GEN,58,JD(S),59866,2,DR. K SUDHAKAR,INC,15048,20.09
CHIKKABALLAPUR ,Sidlaghatta,GEN,V. MUNIYAPPA,M,GEN,66,INC,62452,2,M. RAJANNA,JD(S),15479,19.86
CHIKKABALLAPUR ,Chintamani,GEN,DR. M.C. SUDHAKAR,M,GEN,44,IND,67254,2,J.K.KRISHNAREDDY,JD(S),1696,2.46
KOLAR,Srinivaspur,GEN,G.K.VENKATASHIVAREDDY,M,GEN,65,JD(S),79533,2,K.R.RAMESHKUMAR,INC,3893,4.67
KOLAR,Mulbagal,SC,N. MUNIANJAPPA,M,SC,57,JD(S),39412,2,G.MANJUNATHA,IND,33734,46.12
KOLAR,Kolar gold field,SC,M. BACKTHAVACHALAM,M,SC,65,JD(S),28992,2,RAMAKKA .Y,BJP,26022,47.30
KOLAR,Bangarapet,SC,EM NARAYANASWAMY,M,SC,60,BJP,43193,2,S.N.NARAYANASWAMY.K.M,INC,28377,39.65
KOLAR,Kolar,GEN,K. SRINIVASA GOWDA,M,GEN,66,JD(S),50366,2,R. VATHUR PRAKASH,IND,12591,20.00
KOLAR,Malur,GEN,KRISSHNAIAH SETTY ES.EN. MALURU,M,GEN,53,IND,38876,2,K.S. MANJUNATHGOWDA,JD(S),18769,32.56
BANGALORE URBAN ,Yelahanka,GEN,B. CHANDRAPPA,M,GEN,50,JD(S),57110,2,S.R. VISHWANATH,BJP,18397,24.36
B.B.M.P(NORTH) ,K.r.pura,GEN,N.S.NANDIESHA REDDY,M,GEN,41,BJP,82298,2,B.A.BASAVARAJA,INC,24001,22.58
BANGALORE URBAN ,Byatarayanapura,GEN,A.RAVI,M,GEN,52,BJP,63725,2,KRISHNA BYRE GOWDA,INC,32400,33.71
BANGALORE URBAN ,Yeshvanthapura,GEN,T.N.JAVARAYI GOWDA,M,GEN,54,JD(S),91280,2,S.T.SOMASHEKAR,INC,29100,24.17
B.B.M.P(CENTRAL) ,Rajarajeshwarinagar,GEN,K.L.R.THIMMANANJAIAH,M,GEN,43,JD(S),52251,2,MUNIRATHNA,INC,18813,26.47
BANGALORE URBAN ,Dasarahalli,GEN,B L SHANKAR,M,GEN,61,INC,46734,2,S MUNIRAJU,BJP,10828,18.81
B.B.M.P(NORTH) ,Mahalakshmi Layout,GEN,N.L. NARENDRABABU,M,GEN,51,INC,50757,2,GOPALAIAH .K.,JD(S),15370,23.24
B.B.M.P(NORTH) ,Malleshwaram,GEN,B. K. SHIVARAM.,M,GEN,60,INC,36543,2,DR. ASHWATH NARAYAN C. N.,BJP,21066,36.57
B.B.M.P(NORTH) ,Hebbal,GEN,C.K. ABDUL RAHMAN SHARIEF,M,,,INC,41218,2,Y.A. NARAYANA SWAMY,BJP,19149,31.72
B.B.M.P(NORTH) ,Pulakeshinagar,SC,B.PRASANNA KUMAR,M,SC,60,INC,38796,2,AKHANDA SRINIVAS MURTHY.R,JD(S),10199,20.82
B.B.M.P(NORTH) ,Sarvagnanagar,GEN,PADMANABHA REDDY,M,GEN,49,BJP,46820,2,K.J. GEORGE,INC,22853,32.80
B.B.M.P(NORTH) ,C.V. Raman Nagar,SC,P. RAMESH,M,SC,47,INC,44945,2,S. RAGHU,BJP,8419,15.78
B.B.M.P(CENTRAL) ,Shivajinagar,GEN,NIRMAL SURANA,M,GEN,49,BJP,28794,2,R.ROSHAN BAIG,INC,20855,42.00
B.B.M.P(CENTRAL) ,Shanti Nagar,GEN,K. VASUDEVA MURTHY,M,GEN,49,JD(S),34155,2,N.A.HARIS,INC,20187,37.15
B.B.M.P(CENTRAL) ,Gandhi Nagar,GEN,P C MOHAN,M,GEN,49,BJP,32361,2,DINESH GUNDU RAO,INC,22607,41.13
B.B.M.P(CENTRAL) ,Rajaji Nagar,GEN,R.MANJULA NAIDU,F,GEN,43,INC,24524,2,S.SURESH KUMAR,BJP,14767,37.58
B.B.M.P(SOUTH) ,Govindraj Nagar,GEN,H. RAVINDRA,M,GEN,50,BJP,30194,2,PRIYAKRISHNA,INC,42460,58.44
B.B.M.P(SOUTH) ,Vijay Nagar,GEN,V.SOMANNA,M,GEN,61,BJP,44249,2,M.KRISHNAPPA,INC,32642,42.45
B.B.M.P(CENTRAL) ,Chamrajpet,GEN,G.A.BAVA,M,GEN,63,INC,26177,2,B.Z.ZAMEER AHMED KHAN,JD(S),30162,53.54
B.B.M.P(CENTRAL) ,Chickpet,GEN,UDAY.B.GARUDACHAR,M,GEN,53,BJP,31655,2,R.V. DEVRAJ,INC,13059,29.21
B.B.M.P(SOUTH) ,Basavanagudi,GEN,K.BAGEGOWDA,M,GEN,56,JD(S),24163,2,RAVI SUBRAMANYA.L.A.,BJP,19713,44.93
B.B.M.P(SOUTH) ,Padmanaba Nagar,GEN,L.S.CHETHAN GOWDA,M,GEN,30,INC,33557,2,R ASHOKA,BJP,20123,37.49
B.B.M.P(SOUTH) ,B.t.m layout,GEN,N. SUDHAKAR,M,GEN,36,BJP,20664,2,RAMALINGAREDDY,INC,49048,70.36
B.B.M.P(SOUTH) ,Jayanagar,GEN,M.C.VENUGOPAL,M,GEN,52,INC,31678,2,B.N. VIJAYAKUMAR,BJP,12312,27.99
BANGALORE URBAN ,Mahadevapura,SC,A.C.SRINIVAS,M,SC,46,INC,104095,2,ARVIND LIMBAVALI,BJP,6149,5.58
B.B.M.P(SOUTH) ,Bommanahalli,GEN,NAGABHUSHANA.C,M,GEN,46,INC,60700,2,SATHISH REDDY.M,BJP,25852,29.87
BANGALORE URBAN ,Bangalore South,GEN,R. PRABHAKARA REDDY,M,GEN,42,JD(S),72045,2,M. KRISHNAPPA,BJP,30162,29.51
BANGALORE URBAN ,Anekal,SC,A. NARAYANASWAMY,M,SC,54,BJP,65282,2,SHIVANNA B.,INC,40182,38.10
BANGALORE RURAL ,Hosakote,GEN,B N BACHEGOWDA,M,GEN,71,BJP,78099,2,M.T.B. NAGARAJ,INC,7139,8.38
BANGALORE RURAL ,Devanahalli,SC,VENKATASWAMY,M,SC,43,INC,68381,2,PILLA MUNISHAMAPPA,JD(S),1942,2.76
BANGALORE RURAL ,Doddaballapur,GEN,B MUNEGOWDA,M,GEN,57,IND,37430,2,T.VENKATARAMANAIAH (APPAKARANAHALLI T.VENKATESH),INC,1447,3.72
BANGALORE RURAL ,Nelamangala,SC,ANJANAMURTHY,M,SC,72,INC,45389,2,DR K SRINIVASAMURTHY,JD(S),15103,24.97
RAMANAGARAM ,Magadi,GEN,A.MANJUNATH,M,GEN,39,INC,60462,2,H.C.BALAKRISHNA,JD(S),14359,19.19
RAMANAGARAM ,Ramanagaram,GEN,MARIDEVARU,M,GEN,46,INC,58049,2,H D KUMARA SWAMY,JD(S),25398,30.44
RAMANAGARAM ,Kanakapura,GEN,P.G.R SINDHIA,M,GEN,63,JD(S),68583,2,D.K. SHIVAKUMAR,INC,31424,31.42
RAMANAGARAM ,Channapatna,GEN,ANITHA KUMARASWAMY,F,GEN,49,JD(S),73635,2,C P YOGESHWARA,SP,6464,8.07
MANDYA ,Malavalli,SC,DR||.K. ANNADANI,M,SC,46,JD(S),61331,2,P.M.NARENDRA SWAMY,INC,538,0.87
MANDYA ,Maddur,GEN,MADHU G.MADEGOWDA,M,GEN,49,INC,48968,2,D.C.THAMMANNA,JD(S),31958,39.49
MANDYA ,Melukote,GEN,C.S.PUTTARAJU,M,GEN,49,JD(S),70193,2,K.S.PUTTANNAIAH,SKP,9848,12.30
MANDYA ,Mandya,GEN,M. SRINIVAS,M,GEN,61,JD(S),47392,2,M.H. AMBAREESH,INC,42937,47.53
MANDYA ,Shrirangapattana,GEN,RAVINDRA SRIKANTAIAH,M,GEN,42,IND,41580,2,A.B. RAMESHA BANDISIDDEGOWDA,JD(S),13624,24.68
MANDYA ,Nagamangala,GEN,SURESH GOWDAA,M,GEN,49,INC,68840,2,N.CHALUVARAYASWAMY (SWAMY GOWDA),JD(S),20363,22.83
MANDYA ,Krishnarajpet,GEN,K B CHANDRASHEKAR,M,GEN,60,INC,47541,2,NARAYANAGOWDA,JD(S),9243,16.28
HASSAN ,Shravanabelagola,GEN,C.S.PUTTEGOWDA,M,GEN,63,INC,63043,2,C.N.BALAKRISHNA,JD(S),24142,27.69
HASSAN ,Arsikere,GEN,B.SHIVARAMU,M,GEN,63,INC,46948,2,K.M.SHIVALINGE GOWDA,JD(S),29631,38.69
HASSAN ,Belur,GEN,K.S.LINGESHA,M,GEN,54,JD(S),41273,2,Y.N RUDRESHA GOWDA,INC,7529,15.43
HASSAN ,Hassan,GEN,H.K.MAHESH,M,GEN,44,INC,57110,2,H.S.PRAKASH,JD(S),4196,6.84
HASSAN ,Holenarasipur,GEN,S.G. ANUPAMA,F,GEN,43,INC,62655,2,H.D REVANNA,JD(S),30058,32.42
HASSAN ,Arkalgud,GEN,A.T RAMASWAMY,M,GEN,61,JD(S),52575,2,MANJU A,INC,8794,14.33
HASSAN ,Sakleshpur,SC,D. MALLESH,M,SC,60,INC,30533,2,KUMARASWAMY H.K.,JD(S),33069,51.99
DAKSHINA KANNADA ,Belthangady,GEN,RANJAN G. GOWDA,M,GEN,31,BJP,58789,2,K. VASANTHA BANGERA,INC,15741,21.12
DAKSHINA KANNADA ,Moodabidri,GEN,UMANATHA KOTIAN,M,GEN,53,BJP,48630,2,K ABHAYACHANDRA,INC,4550,8.56
DAKSHINA KANNADA ,Mangalore City North,GEN,KRISHNA.J.PALEMAR,M,GEN,57,BJP,64524,2,B.A.MOHIUDDIN BAVA,INC,5373,7.69
DAKSHINA KANNADA ,Mangalore City South,GEN,N. YOGISH BHAT,M,GEN,59,BJP,55554,2,J.R.LOBO,INC,12275,18.10
DAKSHINA KANNADA ,Mangalore,GEN,CHANDRAHAS ULLAL,M,GEN,58,BJP,40339,2,U T KHADER,INC,29111,41.92
DAKSHINA KANNADA ,Bantval,GEN,RAJESH NAIK ULIPADY,M,GEN,55,BJP,63815,2,B.RAMANATHA RAI,INC,17850,21.86
DAKSHINA KANNADA ,Puttur,GEN,SANJEEVA MATANDOOR,M,GEN,52,BJP,62056,2,SHAKUNTALA T SHETTY,INC,4289,6.46
DAKSHINA KANNADA ,Sullia,SC,DR. B. RAGHU,M,SC,58,INC,64540,2,ANGARA. S,BJP,1373,2.08
KODAGU ,Madikeri,GEN,B.A.JIVIJAYA,M,GEN,75,JD(S),52067,2,APPACHU (RANJAN) M.P,BJP,4629,8.16
KODAGU ,Virajpet,GEN,BIDDATANDA.T.PRADEEP,M,GEN,52,INC,63836,2,K.G.BOPAIAH,BJP,3414,5.08
MYSORE ,Periyapatna,GEN,K.MAHADEV,M,GEN,58,JD(S),59957,2,K.VENKATESH,INC,2088,3.37
MYSORE ,Krishnarajanagara,GEN,DODDASWAMEGOWDA,M,GEN,61,INC,66405,2,SA.RA.MAHESH,JD(S),15052,18.48
MYSORE ,Hunsur,GEN,KUMARASWAMY,M,GEN,72,JD(S),43723,2,H.P.MANJUNATH,INC,40207,47.91
MYSORE ,Heggadadevankote,ST,CHIKKANNA,M,ST,68,INC,36108,2,CHIKKAMADU S,JD(S),12498,25.71
MYSORE ,Nanjangud,SC,V.SRINIVASA PRASAD,M,,,BJP,64878,2,KALALE.N.KESHAVAMURTHY,INC,21334,24.75
MYSORE ,Chamundeshwari,GEN,M. SATHYANARAYANA,M,GEN,68,INC,68761,2,G.T. DEVE GOWDA,JD(S),7103,9.36
MYSORE ,Krishnaraja,GEN,S.A.RAMADAS,M,GEN,56,BJP,46546,2,M.K.SOMASHEKAR,INC,6065,11.53
MYSORE ,Chamaraja,GEN,H.S.SHANKARALINGE GOWDA,M,GEN,66,JD(S),29015,2,VASU,INC,12915,30.80
MYSORE ,Narasimharaja,GEN,ABDUL MAJID K H,M,GEN,45,SDPI,29667,2,TANVEER SAIT,INC,8370,22.00
MYSORE ,Varuna,GEN,KAPU SIDDALINGASWAMY,M,GEN,47,KJP,54744,2,SIDDARAMAIAH,INC,29641,35.13
MYSORE ,T.narasipur,SC,M.C.SUNDARESHAN,M,SC,59,JD(S),52896,2,DR. H.C. MAHADEVAPPA,INC,323,0.61
CHAMARAJNAGAR ,Hanur,GEN,PARIMALA NAGAPPA,F,GEN,64,JD(S),44135,2,R.NARENDRA,INC,11549,20.74
CHAMARAJNAGAR ,Kollegal,SC,N. MAHESH,M,SC,57,BSP,37209,2,S. JAYANNA,INC,10193,21.50
CHAMARAJNAGAR ,Chamarajanagar,GEN,K.R.MALLIKARJUNAPPA,M,GEN,59,KJP,43244,2,C.PUTTARANGASHETTY,INC,11196,20.57
CHAMARAJNAGAR ,Gundlupet,GEN,C. S. NIRANJAN KUMAR,M,,,BJP,79383,2,M.C. MOHAN KUMARI URUFGEETHA,INC,10877,12.05
